Source,Target
littlemixofficial,vevo
bmhylandxoxo,realbarbarapalvin
bmhylandxoxo,payyytonackerman
bmhylandxoxo,nia_sioux5
eleanorj92,barackobama
payyytonackerman,zacktorres22
payyytonackerman,nia_sioux5
payyytonackerman,bmhylandxoxo
payyytonackerman,sophialucia5678
theteavogue,unsurety
clean_wrists_not_hips,unsurety
smoshacorn,qeorgie
jeromejarre,anselelgort
jeromejarre,officiallysteveo
jeromejarre,romanatwood
jeromejarre,sunnymabrey
jeromejarre,willsasso
lyciafaith,danababy97
ironeyeretna,jamonthepig
ironeyeretna,timothyboor
ironeyeretna,themuska
ironeyeretna,justene_j
ironeyeretna,barackobama
ironeyeretna,surfer_magazine
ironeyeretna,factory413
robdyrdek,monsterenergy
robdyrdek,jmanziel2
robdyrdek,anacheri
robdyrdek,easymoneysniper
robdyrdek,kinggoldchains
robdyrdek,chazortiz
robdyrdek,chanelwestcoast
robdyrdek,steviewilliams
robdyrdek,rampage4real
robdyrdek,shecks
robdyrdek,themuska
therealrickiefowler,jmanziel2
therealrickiefowler,tiesto
therealrickiefowler,easymoneysniper
therealrickiefowler,reggiebush
therealrickiefowler,thelanawwe
therealrickiefowler,brodyjenner
therealrickiefowler,shecks
sunnymabrey,willsasso
sunnymabrey,glassofwhiskey
sunnymabrey,lenadunham
easymoneysniper,angelbespoke
easymoneysniper,lilbibby_
easymoneysniper,tatyanaali
easymoneysniper,officiallysteveo
easymoneysniper,jmanziel2
easymoneysniper,barackobama
easymoneysniper,deraydavis
easymoneysniper,birdman5star
easymoneysniper,kinggoldchains
easymoneysniper,skydigg4
easymoneysniper,queenshmink
easymoneysniper,treysongz
easymoneysniper,russwest44
easymoneysniper,futuretheprince
kr3wdenim,zumiez
surfer_magazine,surfingmagazine
surfer_magazine,lukedavisthegrey
reggiebush,treysongz
reggiebush,nike
reggiebush,liljon
reggiebush,quincy
reggiebush,birdman5star
reggiebush,skydigg4
reggiebush,channingtatum
reggiebush,kinggoldchains
reggiebush,shecks
reggiebush,officiallysteveo
reggiebush,djchuckie
reggiebush,robinthicke
reggiebush,therock
reggiebush,easymoneysniper
reggiebush,macklemore
reggiebush,lancemoore16
reggiebush,russwest44
reggiebush,paulwallbaby
reggiebush,derrtymo
reggiebush,barackobama
reggiebush,tiesto
reggiebush,stacykeibler
reggiebush,cedricgervais
reggiebush,brodyjenner
themuska,chazortiz
themuska,nikesb
themuska,nike
themuska,robdyrdek
themuska,nicktucker
themuska,steviewilliams
themuska,skyferreira
themuska,ironeyeretna
themuska,factory413
factory413,ironeyeretna
factory413,themuska
factory413,kr3wdenim
brinamberlee,chanelwestcoast
brinamberlee,nike
brinamberlee,nikkohurtado
brinamberlee,iwearsin
brinamberlee,playboy
brinamberlee,romantattoos
cmacdaddyy,catdagreat
cmacdaddyy,tazsangel_ab
cmacdaddyy,facetstudio
cmacdaddyy,dudeitsdamsel
cmacdaddyy,_kionagarcia
cindyprado,quincy
cindyprado,realbarbarapalvin
cindyprado,brodyjenner
cindyprado,acaciaswimwear
cindyprado,eonline
dizzy_fitness,femfitnessmodels
dizzy_fitness,fitgirlsworldwide
dizzy_fitness,nataliehalcro
dizzy_fitness,paigehathaway
dizzy_fitness,fit
comedyscenesx,thebesttscenes
jaquieohh,lenadunham
jaquieohh,denizduygulu
jaquieohh,paigehathaway
jaquieohh,realbarbarapalvin
paigehathaway,easymoneysniper
playboy,mertalas
playboy,heatherraeyoung
heatherraeyoung,mertalas
heatherraeyoung,glassofwhiskey
heatherraeyoung,paigehathaway
heatherraeyoung,playboy
anacheri,fitaffinity
anacheri,robdyrdek
anacheri,nataliehalcro
anacheri,mariamenounos
anacheri,fitgirlsworldwide
anacheri,thebriebella
anacheri,thenikkibella
anacheri,fit
anacheri,paigehathaway
anacheri,liljon
anacheri,chargers
anacheri,channingtatum
anacheri,nike
anacheri,eonline
femfitnessmodels,anacheri
femfitnessmodels,dizzy_fitness
femfitnessmodels,paigehathaway
femfitnessmodels,fitgirlsworldwide
thebriebella,eonline
thebriebella,thelanawwe
thebriebella,emmalution
thebriebella,uceyjucey
thebriebella,summerraewwe
thebriebella,reneeyoungwwe
thebriebella,thenikkibella
catdagreat,cmacdaddyy
catdagreat,tazsangel_ab
catdagreat,lolliecakez
tazsangel_ab,cmacdaddyy
tazsangel_ab,lolliecakez
tazsangel_ab,catdagreat
chlooooejade,fitgirlsworldwide
chlooooejade,nike
chlooooejade,hydracup
chlooooejade,paigehathaway
chlooooejade,yankees
creative_inventioners,tazsangel_ab
creative_inventioners,catdagreat
creative_inventioners,paigehathaway
creative_inventioners,postaday
demetakalin,hulyavsr
chelseahouska,mizzhogan
chelseahouska,channingtatum
daltonjackson,therock
daltonjackson,chanelwestcoast
daltonjackson,larryfisherman
bodyteaofficial,paigehathaway
bodyteaofficial,fitgirlsworldwide
xxhihaterxx,nikesb
xxhihaterxx,nigelsylvester
xxhihaterxx,tazsangel_ab
xxhihaterxx,nike
xxhihaterxx,therock
xxhihaterxx,macklemore
xxhihaterxx,raiders
xxhihaterxx,hopsinson
xxhihaterxx,larryfisherman
xxhihaterxx,chanelwestcoast
comicposts,thebesttscenes
lordposts,russwest44
_kionagarcia,cmacdaddyy
_kionagarcia,tazsangel_ab
_kionagarcia,ashley_moore_
_kionagarcia,andreaschoice
_kionagarcia,kimjohansson
_kionagarcia,theevanitydiary
kimjohansson,_kionagarcia
lindsaylohan,starino
lindsaylohan,edelman11
lindsaylohan,mertalas
mcdonalds,joeygraceffa
mcdonalds,liljon
mcdonalds,ravens
mcdonalds,vevo
ladygrouplove,skyferreira
ladygrouplove,larryfisherman
ratchet_n_basic,larryfisherman
hydracup,fitaffinity
hydracup,jaquieohh
hydracup,nike
hydracup,femfitnessmodels
hydracup,futuretheprince
hydracup,therock
hydracup,rockstargames
hydracup,paigehathaway
hydracup,heatherraeyoung
fitaffinity,playboy
fitaffinity,talisalo
fitaffinity,paigehathaway
fitaffinity,jeromejarre
fitaffinity,anacheri
fitaffinity,femfitnessmodels
fitaffinity,fitgirlsworldwide
fitaffinity,nike
carlafacciolo,realsway
chanelwestcoast,mariamenounos
chanelwestcoast,mike_stud
chanelwestcoast,imguddagudda
chanelwestcoast,larryfisherman
chanelwestcoast,steviewilliams
chanelwestcoast,treysongz
chanelwestcoast,vevo
chanelwestcoast,robinthicke
chanelwestcoast,birdman5star
chanelwestcoast,mallymall
chanelwestcoast,kinggoldchains
chanelwestcoast,robdyrdek
chanelwestcoast,liljon
chanelwestcoast,mikeposner
chanelwestcoast,monsterenergy
chanelwestcoast,eonline
chanelwestcoast,shecks
chanelwestcoast,chazortiz
chanelwestcoast,playboy
realronniemagro,glassofwhiskey
realronniemagro,macklemore
realronniemagro,realsway
realronniemagro,easymoneysniper
realronniemagro,channingtatum
realronniemagro,brodyjenner
realronniemagro,chanelwestcoast
realronniemagro,usweekly
realronniemagro,ciphasounds
zaynmalik,punkdirectiion
nouistbh,littlemixofficial
twerkingwithclouds,lucascruikshank
twerkingwithclouds,anselelgort
twerkingwithclouds,arose1860
twerkingwithclouds,joeygraceffa
twerkingwithclouds,jamesyammouniofficial
twerkingwithclouds,beaupeterbrooks
nipplejousting,zaynmalik
nipplejousting,tampoons
nipplejousting,hoetels
lazyl0l,barackobama
lazyl0l,chelseahouska
lazyl0l,nipplejousting
lazyl0l,spookyposts
lazyl0l,in_spiration
lazyl0l,perksofbeingachickenugget
lazyl0l,lordposts
dudeitsdamsel,macklemore
dudeitsdamsel,rhymesayers
theteavogue,unsurety
theyoungthereckless,onepiece
thegorgeousruby,gigihadid
thegorgeousruby,awesomenesstv
rhymesayers,realsway
rhymesayers,nesserfamilia
realchrismiles,chanelwestcoast
realchrismiles,mike_stud
realchrismiles,sydofwgkta
realchrismiles,djmustard
realchrismiles,futuretheprince
realchrismiles,tvyyib
realchrismiles,larryfisherman
realchrismiles,birdman5star
realchrismiles,kinggoldchains
realchrismiles,macklemore
realchrismiles,raywilliamjohnson
realchrismiles,jennettemccurdy
realchrismiles,soapmanwun
realchrismiles,hopsinson
aadrianherrera,chazortiz
aadrianherrera,dennistodisco
aadrianherrera,hopsinson
aadrianherrera,steviewilliams
aadrianherrera,nicktucker
joshkatz,camera_duels
joshkatz,kane_sheckler
joshkatz,chazortiz
joshkatz,nikesb
joshkatz,shecks
treejtv,eg0re
treejtv,larryfisherman
treejtv,sydofwgkta
larryfisherman,birdman5star
larryfisherman,sydofwgkta
larryfisherman,ladygrouplove
larryfisherman,lindsaylohan
larryfisherman,soapmanwun
larryfisherman,treejtv
kane_sheckler,alecmajerus
kane_sheckler,thehoonigans
kane_sheckler,robdyrdek
kane_sheckler,volcomskate
kane_sheckler,nicktucker
kane_sheckler,bonesbearings
kane_sheckler,larryfisherman
kane_sheckler,therealrickiefowler
kane_sheckler,steviewilliams
kane_sheckler,cultcrew
kane_sheckler,birdman5star
kane_sheckler,spitfirewheels
kane_sheckler,shecks
kane_sheckler,chazortiz
nesserfamilia,spitfirewheels
alecmajerus,kane_sheckler
alecmajerus,spitfirewheels
alecmajerus,hopsinson
alecmajerus,volcomskate
alecmajerus,nicktucker
alecmajerus,shecks
alecmajerus,chazortiz
alecmajerus,nesserfamilia
nicktucker,chanelwestcoast
nicktucker,richhomiequan
nicktucker,soapmanwun
nicktucker,djmustard
nicktucker,djmobeatz
nicktucker,themuska
nicktucker,birdman5star
nicktucker,hopsinson
nicktucker,chazortiz
nicktucker,aadrianherrera
nicktucker,steviewilliams
frostyheadwear,rhymesayers
spitfirewheels,alecmajerus
spitfirewheels,themuska
spitfirewheels,nesserfamilia
chazortiz,hopsinson
chazortiz,themuska
chazortiz,chanelwestcoast
chazortiz,kinggoldchains
chazortiz,tymoss
chazortiz,robdyrdek
chazortiz,larryfisherman
chazortiz,nigelsylvester
chazortiz,steviewilliams
chazortiz,kane_sheckler
chazortiz,nicktucker
chazortiz,chad_kerley
chazortiz,zumiez
chazortiz,shecks
bonesbearings,spitfirewheels
bonesbearings,zeroskateboards
bonesbearings,nesserfamilia
bonesbearings,zumiez
bonesbearings,steviewilliams
bonesbearings,nikesb
bonesbearings,kr3wdenim
zeroskateboards,zumiez
zeroskateboards,volcomskate
zeroskateboards,bonesbearings
zeroskateboards,themuska
zeroskateboards,steviewilliams
summerraewwe,fitaffinity
summerraewwe,emmalution
summerraewwe,wwefandango
summerraewwe,wwebige
summerraewwe,thebriebella
summerraewwe,thenikkibella
summerraewwe,reneeyoungwwe
whatevertransparentt,kkrose99
whatevertransparentt,aliencreature
romanatwood,surfingmagazine
romanatwood,jeromejarre
romanatwood,officiallysteveo
romanatwood,jessewelle
nbcnews,barackobama
factsdaily,onesimplediary
factsdaily,thebesttscenes
factsdaily,ifunnymeme
factsdaily,worldrecordss
idaaztor,paigehathaway
eonline,brodyjenner
eonline,robinthicke
eonline,macklemore
eonline,anselelgort
eonline,glassofwhiskey
eonline,mariamenounos
eonline,channingtatum
eonline,lindsaylohan
eonline,thebriebella
eonline,thenikkibella
eonline,treysongz
eonline,barackobama
eonline,lenadunham
eonline,stacykeibler
eonline,playboy
eonline,nbcnews
johnnyklinger,brinamberlee
johnnyklinger,tymoss
johnnyklinger,jessewelle
johnnyklinger,playboy
johnnyklinger,shecks
johnnyklinger,chanelwestcoast
johnnyklinger,steviewilliams
johnnyklinger,kinggoldchains
johnnyklinger,chazortiz
tymoss,johnnyklinger
tymoss,nikesb
tymoss,shecks
tymoss,raywilliamjohnson
tymoss,steviewilliams
tymoss,robdyrdek
tymoss,jessewelle
tymoss,chazortiz
valentin_av,fredfrost
valentin_av,antthaxton
valentin_av,sergiosanchezart
valentin_av,nspired1
valentin_av,jamesstrickland
valentin_av,saul_tat2
valentin_av,romantattoos
valentin_av,gilbertsalas
valentin_av,cyklone
valentin_av,bobbytribal
valentin_av,paulwallbaby
valentin_av,nikkohurtado
valentin_av,mackotattoo
valentin_av,joselopez_lowridertattoo
valentin_av,danielrochatat2
valentin_av,fernie_andrade
valentin_av,bobby_serna
valentin_av,alanpadillaart
valentin_av,abeyalvarez
cyklone,nspired1
cyklone,robdyrdek
cyklone,sergiosanchezart
cyklone,anacheri
cyklone,nike
cyklone,mathurtado
cyklone,chanelwestcoast
cyklone,gilbertsalas
cyklone,brass305
cyklone,nikkohurtado
cyklone,ironeyeretna
cyklone,tattooartistmagazine
cyklone,saul_tat2
cyklone,romantattoos
cyklone,justene_j
cyklone,danielrochatat2
cyklone,joselopez_lowridertattoo
cyklone,abeyalvarez
cyklone,mackotattoo
cyklone,fernie_andrade
cyklone,bobbytribal
cyklone,alanpadillaart
mackotattoo,ironeyeretna
mackotattoo,nspired1
mackotattoo,romantattoos
mackotattoo,joselopez_lowridertattoo
mackotattoo,cyklone
mackotattoo,bobby_serna
mackotattoo,abeyalvarez
mackotattoo,fernie_andrade
mackotattoo,danielrochatat2
mackotattoo,alanpadillaart
mackotattoo,nikkohurtado
mackotattoo,bobbytribal
sergiosanchezart,angelbespoke
sergiosanchezart,abeyalvarez
sergiosanchezart,joselopez_lowridertattoo
sergiosanchezart,timothyboor
sergiosanchezart,tattooartistmagazine
sergiosanchezart,gilbertsalas
sergiosanchezart,mathurtado
sergiosanchezart,nspired1
sergiosanchezart,jamesstrickland
sergiosanchezart,danielrochatat2
sergiosanchezart,fernie_andrade
sergiosanchezart,alanpadillaart
sergiosanchezart,mackotattoo
sergiosanchezart,nikkohurtado
danielrochatat2,tattooartistmagazine
danielrochatat2,sergiosanchezart
danielrochatat2,joselopez_lowridertattoo
danielrochatat2,valentin_av
danielrochatat2,mackotattoo
danielrochatat2,romantattoos
danielrochatat2,abeyalvarez
danielrochatat2,nspired1
danielrochatat2,fernie_andrade
danielrochatat2,jamesstrickland
danielrochatat2,mathurtado
danielrochatat2,gilbertsalas
danielrochatat2,bobbytribal
danielrochatat2,alanpadillaart
danielrochatat2,nikkohurtado
paulwallbaby,espn
paulwallbaby,bobbytribal
paulwallbaby,robdyrdek
paulwallbaby,ciphasounds
paulwallbaby,anthonyanderson
paulwallbaby,deraydavis
paulwallbaby,shecks
paulwallbaby,robinthicke
paulwallbaby,richhomiequan
paulwallbaby,georgelopez
paulwallbaby,macklemore
paulwallbaby,jmanziel2
paulwallbaby,djmustard
paulwallbaby,derrtymo
paulwallbaby,houstontexans
paulwallbaby,hopsinson
paulwallbaby,realsway
paulwallbaby,reggiebush
paulwallbaby,fernie_andrade
pepwilliams,bobbytribal
fredfrost,sergiosanchezart
fredfrost,therock
fredfrost,danielrochatat2
fredfrost,jamesstrickland
fredfrost,gilbertsalas
fredfrost,bobbytribal
fredfrost,joselopez_lowridertattoo
fredfrost,abeyalvarez
fredfrost,romantattoos
fredfrost,nikkohurtado
fredfrost,mackotattoo
fredfrost,valentin_av
fredfrost,fernie_andrade
abeyalvarez,bobby_serna
abeyalvarez,saul_tat2
abeyalvarez,cyklone
abeyalvarez,tattooartistmagazine
abeyalvarez,valentin_av
abeyalvarez,nspired1
abeyalvarez,timothyboor
abeyalvarez,ironeyeretna
abeyalvarez,pepwilliams
abeyalvarez,mathurtado
abeyalvarez,jamesstrickland
abeyalvarez,selfmaderyan
abeyalvarez,sergiosanchezart
abeyalvarez,danielrochatat2
abeyalvarez,joselopez_lowridertattoo
abeyalvarez,romantattoos
abeyalvarez,nikkohurtado
abeyalvarez,gilbertsalas
abeyalvarez,fernie_andrade
abeyalvarez,mackotattoo
abeyalvarez,alanpadillaart
tattooartistmagazine,sergiosanchezart
tattooartistmagazine,jamesstrickland
tattooartistmagazine,danielrochatat2
tattooartistmagazine,mackotattoo
tattooartistmagazine,nikkohurtado
saul_tat2,gilbertsalas
saul_tat2,nspired1
saul_tat2,sergiosanchezart
saul_tat2,abeyalvarez
saul_tat2,hugui81
saul_tat2,paulwallbaby
saul_tat2,danielrochatat2
saul_tat2,nikkohurtado
saul_tat2,valentin_av
tomtilden,timothyboor
tomtilden,mackotattoo
tomtilden,romantattoos
tomtilden,jamesstrickland
tomtilden,nikkohurtado
tomtilden,fernie_andrade
gilbertsalas,easymoneysniper
gilbertsalas,sergiosanchezart
gilbertsalas,danielrochatat2
gilbertsalas,fernie_andrade
gilbertsalas,abeyalvarez
gilbertsalas,jamesstrickland
gilbertsalas,mackotattoo
gilbertsalas,nikkohurtado
gilbertsalas,alanpadillaart
timothyboor,joselopez_lowridertattoo
timothyboor,abeyalvarez
timothyboor,sergiosanchezart
timothyboor,jamesstrickland
timothyboor,mathurtado
timothyboor,mackotattoo
timothyboor,fernie_andrade
timothyboor,bobby_serna
timothyboor,romantattoos
timothyboor,alanpadillaart
timothyboor,danielrochatat2
timothyboor,nikkohurtado
mathurtado,tattooartistmagazine
mathurtado,nspired1
mathurtado,fernie_andrade
mathurtado,abeyalvarez
mathurtado,timothyboor
mathurtado,sergiosanchezart
mathurtado,romantattoos
mathurtado,joselopez_lowridertattoo
mathurtado,danielrochatat2
mathurtado,alanpadillaart
mathurtado,nikkohurtado
joselopez_lowridertattoo,barackobama
joselopez_lowridertattoo,anthonyanderson
joselopez_lowridertattoo,jvalentine1
joselopez_lowridertattoo,shaycarl
joselopez_lowridertattoo,raywilliamjohnson
joselopez_lowridertattoo,wex1200
joselopez_lowridertattoo,johnny
joselopez_lowridertattoo,dudeitsdamsel
joselopez_lowridertattoo,mathurtado
joselopez_lowridertattoo,paulwallbaby
joselopez_lowridertattoo,justene_j
joselopez_lowridertattoo,larryfisherman
joselopez_lowridertattoo,nspired1
joselopez_lowridertattoo,mackotattoo
joselopez_lowridertattoo,bobby_serna
joselopez_lowridertattoo,danielrochatat2
joselopez_lowridertattoo,playboy
joselopez_lowridertattoo,romantattoos
joselopez_lowridertattoo,nikkohurtado
joselopez_lowridertattoo,bobbytribal
joselopez_lowridertattoo,fernie_andrade
joselopez_lowridertattoo,alanpadillaart
joselopez_lowridertattoo,abeyalvarez
bobby_serna,abeyalvarez
bobby_serna,gilbertsalas
bobby_serna,jamesstrickland
bobby_serna,antthaxton
bobby_serna,easymoneysniper
bobby_serna,kinggoldchains
bobby_serna,romantattoos
bobby_serna,paulwallbaby
bobby_serna,mackotattoo
bobby_serna,valentin_av
bobby_serna,fernie_andrade
bobby_serna,danielrochatat2
bobby_serna,nikkohurtado
bobbytribal,ironeyeretna
bobbytribal,pepwilliams
bobbytribal,nspired1
bobbytribal,danielrochatat2
bobbytribal,joselopez_lowridertattoo
bobbytribal,mackotattoo
bobbytribal,alanpadillaart
romantattoos,rampage4real
romantattoos,kidred
romantattoos,chanelwestcoast
romantattoos,sbstunts
romantattoos,bobbytribal
romantattoos,tattooartistmagazine
romantattoos,joselopez_lowridertattoo
romantattoos,abeyalvarez
romantattoos,danielrochatat2
romantattoos,mackotattoo
romantattoos,alanpadillaart
romantattoos,mathurtado
romantattoos,jamesstrickland
romantattoos,valentin_av
romantattoos,fernie_andrade
romantattoos,nspired1
romantattoos,nikkohurtado
antthaxton,sbstunts
antthaxton,jamesstrickland
antthaxton,facetstudio
antthaxton,gilbertsalas
antthaxton,barackobama
antthaxton,birdman5star
antthaxton,bobby_serna
antthaxton,djmustard
antthaxton,valentin_av
antthaxton,exclusivegame
antthaxton,abeyalvarez
antthaxton,joselopez_lowridertattoo
antthaxton,nike
antthaxton,romantattoos
antthaxton,easymoneysniper
antthaxton,fernie_andrade
antthaxton,nikkohurtado
antthaxton,alanpadillaart
antthaxton,mackotattoo
nspired1,saul_tat2
nspired1,spiketv
nspired1,abeyalvarez
nspired1,mathurtado
nspired1,mackotattoo
nspired1,sergiosanchezart
nspired1,tattooartistmagazine
nspired1,valentin_av
nspired1,jamesstrickland
nspired1,fernie_andrade
nspired1,danielrochatat2
nspired1,skyhighatrist
nspired1,alanpadillaart
nspired1,nikkohurtado
nspired1,bobbytribal
fernie_andrade,cyklone
fernie_andrade,tomtilden
fernie_andrade,sergiosanchezart
fernie_andrade,saul_tat2
fernie_andrade,joselopez_lowridertattoo
fernie_andrade,romantattoos
fernie_andrade,bobby_serna
fernie_andrade,timothyboor
fernie_andrade,valentin_av
fernie_andrade,abeyalvarez
fernie_andrade,jamesstrickland
fernie_andrade,paulwallbaby
fernie_andrade,gilbertsalas
fernie_andrade,bobbytribal
fernie_andrade,mackotattoo
fernie_andrade,nikkohurtado
fernie_andrade,danielrochatat2
fernie_andrade,alanpadillaart
brass305,nikkohurtado
brass305,mackotattoo
brass305,tattooartistmagazine
brass305,fernie_andrade
jamesstrickland,joselopez_lowridertattoo
jamesstrickland,robdyrdek
jamesstrickland,monsterenergy
jamesstrickland,surfingmagazine
jamesstrickland,timothyboor
jamesstrickland,tattooartistmagazine
jamesstrickland,playboy
jamesstrickland,therock
jamesstrickland,shecks
jamesstrickland,sergiosanchezart
jamesstrickland,mackotattoo
jamesstrickland,romantattoos
jamesstrickland,gilbertsalas
jamesstrickland,danielrochatat2
jamesstrickland,fernie_andrade
jamesstrickland,mathurtado
jamesstrickland,nspired1
jamesstrickland,alanpadillaart
jamesstrickland,nikkohurtado
alanpadillaart,easymoneysniper
alanpadillaart,justene_j
alanpadillaart,spiketv
alanpadillaart,shecks
alanpadillaart,valentin_av
alanpadillaart,selfmaderyan
alanpadillaart,glassofwhiskey
alanpadillaart,bobby_serna
alanpadillaart,sergiosanchezart
alanpadillaart,joselopez_lowridertattoo
alanpadillaart,romantattoos
alanpadillaart,cyklone
alanpadillaart,abeyalvarez
alanpadillaart,fernie_andrade
alanpadillaart,jamesstrickland
alanpadillaart,playboy
alanpadillaart,timothyboor
alanpadillaart,nspired1
alanpadillaart,gilbertsalas
alanpadillaart,mackotattoo
alanpadillaart,danielrochatat2
alanpadillaart,bobbytribal
alanpadillaart,mathurtado
nikkohurtado,glassofwhiskey
nikkohurtado,sergiosanchezart
nikkohurtado,mackotattoo
nikkohurtado,joselopez_lowridertattoo
nikkohurtado,romantattoos
nikkohurtado,fernie_andrade
nikkohurtado,alanpadillaart
nikkohurtado,danielrochatat2
nikkohurtado,mathurtado
willianborges88,kinggoldchains
willianborges88,nike
mls,jmanziel2
mls,espn
gotzemario,channingtatum
gotzemario,kinggoldchains
gotzemario,treysongz
gotzemario,barackobama
gotzemario,nike
mchalmers15,panthers
mchalmers15,skydigg4
celtics,packers
celtics,miamidolphins
celtics,macklemore
celtics,mariamenounos
celtics,espn
celtics,nike
celtics,eonline
celtics,barackobama
celtics,philadelphiaeagles
celtics,kcchiefs
soccerdotcom,mls
soccerdotcom,gotzemario
soccerdotcom,manchesterunited
soccerdotcom,espn
soccerdotcom,nike
lolwhoran,camera_duels
lolwhoran,anselelgort
lolwhoran,realbarbarapalvin
lolwhoran,danababy97
lolwhoran,eleanorj92
lolwhoran,joeygraceffa
lolwhoran,shaycarl
lolwhoran,perksofbeingachickenugget
lolwhoran,littlemixofficial
mullingayer,lolwhoran
surfingmagazine,surfer_magazine
surfingmagazine,monsterenergy
surfingmagazine,lukedavisthegrey
thehoonigans,kane_sheckler
thehoonigans,zumiez
thehoonigans,monsterenergy
fadedlifestyle,queenshmink
fadedlifestyle,futuretheprince
fiendbassy,realsway
fiendbassy,iblondegenius
fiendbassy,futuretheprince
fiendbassy,nigelsylvester
lilbibby_,easymoneysniper
lilbibby_,imguddagudda
lilbibby_,realsway
ashley_moore_,hoskelsa
ashley_moore_,lukedavisthegrey
ashley_moore_,jordynwoods
ashley_moore_,gigihadid
ashley_moore_,haileybaldwin
djruckusofficial,brodyjenner
djruckusofficial,steviewilliams
djruckusofficial,dennistodisco
djruckusofficial,ironeyeretna
djruckusofficial,cedricgervais
djruckusofficial,ciphasounds
djruckusofficial,jasonstrauss
djruckusofficial,mrmauricio
djruckusofficial,quincy
djruckusofficial,liljon
djruckusofficial,djchuckie
starino,djruckusofficial
mallymall,brodyjenner
mallymall,paigehathaway
mallymall,quincy
mallymall,johnny
mallymall,robdyrdek
mallymall,birdman5star
mallymall,justinbieberfans
mallymall,exclusivegame
mallymall,shecks
mallymall,nataliehalcro
mallymall,realsway
mallymall,andreaschoice
mallymall,evelynlozada
mallymall,selfmaderyan
mallymall,djmustard
mallymall,kidred
mallymall,nikkohurtado
mallymall,facetstudio
mallymall,lolliecakez
mallymall,kinggoldchains
mallymall,futuretheprince
mrmauricio,thundercup
mrmauricio,liljon
mrmauricio,djruckusofficial
mikeposner,quincy
mikeposner,barackobama
markthemogul,hugui81
markthemogul,johnny
markthemogul,iblondegenius
markthemogul,clubcrisis
markthemogul,treysongz
dennistodisco,meetjulian
dennistodisco,nike
dennistodisco,wex1200
dennistodisco,nigelsylvester
johnny,maxjr617
johnny,drdre
johnny,fadedlifestyle
johnny,jeromejarre
johnny,jordynwoods
johnny,haileybaldwin
johnny,markthemogul
johnny,hugui81
rickyharris5,jmanziel2
rickyharris5,catdagreat
rickyharris5,tazsangel_ab
rickyharris5,ravens
rickyharris5,russwest44
rickyharris5,celtics
rickyharris5,skydigg4
rickyharris5,evelynlozada
rickyharris5,barackobama
rickyharris5,easymoneysniper
ice_marrow,jmanziel2
ice_marrow,nataliehalcro
ice_marrow,birdman5star
ice_marrow,mabelynncapeluj
ice_marrow,nikesb
ice_marrow,tazsangel_ab
ice_marrow,justene_j
ice_marrow,chanelwestcoast
ice_marrow,catdagreat
ice_marrow,shecks
ice_marrow,exclusivegame
ice_marrow,lolliecakez
quincy,futuretheprince
quincy,nikkohurtado
quincy,therock
quincy,starino
quincy,onepiece
quincy,mikeposner
quincy,invisiblebully_
quincy,jvalentine1
badrabbits,representclo
badrabbits,realsway
badrabbits,glassofwhiskey
badrabbits,russwest44
badrabbits,easymoneysniper
badrabbits,edelman11
badrabbits,the1975
badrabbits,vevo
badrabbits,macklemore
badrabbits,espn
badrabbits,chazortiz
badrabbits,officialsarajay
badrabbits,nike
badrabbits,tiesto
badrabbits,mikeposner
badrabbits,birdman5star
badrabbits,sydofwgkta
badrabbits,liljon
badrabbits,soapmanwun
badrabbits,larryfisherman
badrabbits,steviewilliams
badrabbits,celtics
badrabbits,treysongz
badrabbits,surfer_magazine
badrabbits,kinggoldchains
badrabbits,playboy
badrabbits,themuska
badrabbits,chanelwestcoast
badrabbits,kr3wdenim
badrabbits,dennistodisco
djdiamondkuts,realsway
djdiamondkuts,tiesto
djdiamondkuts,djmustard
djdiamondkuts,clubcrisis
djdiamondkuts,ilaughedatthat
djdiamondkuts,rememberdisneyx
djdiamondkuts,barackobama
djdiamondkuts,exclusivegame
djdiamondkuts,djmobeatz
djmobeatz,djmustard
djmobeatz,skyferreira
djmobeatz,wex1200
djmobeatz,djdiamondkuts
iblondegenius,evelynlozada
iblondegenius,markthemogul
iblondegenius,facetstudio
iblondegenius,ciphasounds
iblondegenius,futuretheprince
iblondegenius,fiendbassy
iblondegenius,easymoneysniper
iblondegenius,nigelsylvester
clubcrisis,djdiamondkuts
clubcrisis,markthemogul
clubcrisis,birdman5star
clubcrisis,macklemore
clubcrisis,futuretheprince
clubcrisis,easymoneysniper
lolliecakez,tazsangel_ab
lolliecakez,catdagreat
drdre,realsway
drdre,macklemore
gigihadid,realbarbarapalvin
gigihadid,haileybaldwin
gigihadid,brodyjenner
steviewilliams,invisiblebully_
steviewilliams,footaction
steviewilliams,nicktucker
steviewilliams,themuska
steviewilliams,robdyrdek
steviewilliams,chazortiz
steviewilliams,exclusivegame
steviewilliams,djruckusofficial
steviewilliams,bigbillyclark
steviewilliams,derrtymo
steviewilliams,bria_murphy
steviewilliams,liljon
steviewilliams,nigelsylvester
steviewilliams,shecks
habeshaqueens,andreaschoice
bria_murphy,fitgirlsworldwide
bria_murphy,ironeyeretna
bria_murphy,nikkohurtado
bria_murphy,romantattoos
bigbillyclark,brantdaugherty
bigbillyclark,skyferreira
bigbillyclark,davidhenrie
bigbillyclark,jmanziel2
bigbillyclark,nike
bigbillyclark,daltonjackson
bigbillyclark,skydigg4
bigbillyclark,rampage4real
bigbillyclark,lindsaylohan
bigbillyclark,willsasso
bigbillyclark,hoskelsa
bigbillyclark,cindyprado
bigbillyclark,donialuvsu
bigbillyclark,ciphasounds
bigbillyclark,anacheri
bigbillyclark,mcgregor_ewan
bigbillyclark,charlottegshore
bigbillyclark,littlemixofficial
bigbillyclark,vevo
bigbillyclark,ashley_moore_
bigbillyclark,tishcyrus
bigbillyclark,chanelwestcoast
bigbillyclark,mallymall
bigbillyclark,therealfrancia
bigbillyclark,edelman11
bigbillyclark,selfmaderyan
bigbillyclark,derrtymo
bigbillyclark,jasonstrauss
bigbillyclark,mikeposner
bigbillyclark,lancemoore16
bigbillyclark,realsway
bigbillyclark,jaquieohh
bigbillyclark,nataliehalcro
bigbillyclark,shawnsuggs
bigbillyclark,therock
bigbillyclark,denizduygulu
bigbillyclark,gigihadid
bigbillyclark,robinthicke
bigbillyclark,reggiebush
bigbillyclark,katgrahampics
bigbillyclark,easymoneysniper
bigbillyclark,realbarbarapalvin
bigbillyclark,catdagreat
bigbillyclark,paigehathaway
bigbillyclark,jvalentine1
bigbillyclark,justjared
bigbillyclark,haileybaldwin
bigbillyclark,tiesto
bigbillyclark,macklemore
bigbillyclark,shecks
bigbillyclark,steviewilliams
bigbillyclark,larryfisherman
bigbillyclark,quincy
bigbillyclark,glassofwhiskey
bigbillyclark,liljon
bigbillyclark,usweekly
bigbillyclark,channingtatum
bigbillyclark,barackobama
bigbillyclark,eonline
bigbillyclark,treysongz
bigbillyclark,playboy
bigbillyclark,robdyrdek
bigbillyclark,kinggoldchains
shawnsuggs,bigbillyclark
shawnsuggs,spingalnichelle
shawnsuggs,adamgoldston
evelynlozada,derrtymo
evelynlozada,fitgirlsworldwide
evelynlozada,paigehathaway
evelynlozada,usweekly
evelynlozada,theevanitydiary
evelynlozada,birdman5star
evelynlozada,johnny
jvalentine1,quincy
shecks,nigelsylvester
shecks,paulwallbaby
shecks,volcomskate
shecks,romantattoos
shecks,gasmonkeygarage
shecks,easymoneysniper
shecks,therealrickiefowler
shecks,birdman5star
shecks,playboy
shecks,nikkohurtado
shecks,mallymall
shecks,brodyjenner
shecks,chanelwestcoast
shecks,robdyrdek
shecks,kane_sheckler
shecks,kinggoldchains
shecks,chazortiz
nigelsylvester,easymoneysniper
nigelsylvester,cultcrew
nigelsylvester,realsway
nigelsylvester,nikesb
nigelsylvester,fiendbassy
nigelsylvester,shecks
nigelsylvester,nike
nigelsylvester,steviewilliams
nigelsylvester,chazortiz
nigelsylvester,dennistodisco
nigelsylvester,chad_kerley
nigelsylvester,iblondegenius
djchuckie,macklemore
djchuckie,romantattoos
djchuckie,cedricgervais
djchuckie,birdman5star
djchuckie,reggiebush
djchuckie,jasonstrauss
djchuckie,tiesto
djchuckie,liljon
djchuckie,djruckusofficial
spingalnichelle,davidhenrie
spingalnichelle,shawnsuggs
angelbespoke,adamgoldston
anthonyanderson,georgelopez
deraydavis,therock
deraydavis,jvalentine1
deraydavis,brodyjenner
deraydavis,macklemore
deraydavis,nataliehalcro
deraydavis,realsway
deraydavis,kinggoldchains
deraydavis,skydigg4
deraydavis,mizzhogan
deraydavis,paigehathaway
deraydavis,jaquieohh
deraydavis,rampage4real
deraydavis,tatyanaali
deraydavis,robinthicke
deraydavis,reggiebush
deraydavis,treysongz
deraydavis,_kionagarcia
deraydavis,realbarbarapalvin
deraydavis,quincy
deraydavis,easymoneysniper
deraydavis,justene_j
deraydavis,ashley_moore_
deraydavis,facetstudio
deraydavis,channingtatum
realsway,treysongz
realsway,easymoneysniper
realsway,ciphasounds
realsway,mariamenounos
realsway,fiendbassy
realsway,tatyanaali
realsway,glassofwhiskey
realsway,lilbibby_
realsway,birdman5star
realsway,evelynlozada
realsway,anthonyanderson
realsway,mallymall
realsway,barackobama
realsway,robinthicke
realsway,richhomiequan
richhomiequan,birdman5star
invisiblebully_,footaction
invisiblebully_,derrtymo
invisiblebully_,russwest44
invisiblebully_,sbstunts
invisiblebully_,easymoneysniper
invisiblebully_,treysongz
invisiblebully_,brodyjenner
invisiblebully_,quincy
treysongz,gigihadid
treysongz,dizzy_fitness
treysongz,facetstudio
treysongz,nikkohurtado
hgoodspeed,jmanziel2
hgoodspeed,paigehathaway
hgoodspeed,deraydavis
hgoodspeed,easymoneysniper
tatyanaali,deraydavis
tatyanaali,anthonyanderson
djmustard,derrtymo
djmustard,richhomiequan
djmustard,exclusivegame
djmustard,paulwallbaby
djmustard,sbstunts
djmustard,selfmaderyan
djmustard,mallymall
djmustard,djkidfamous
djmustard,futuretheprince
djmustard,kinggoldchains
djmustard,larryfisherman
djmustard,treysongz
mamakingston1,kinggoldchains
mamakingston1,kidred
mamakingston1,mallymall
mamakingston1,lilbibby_
mamakingston1,macklemore
mamakingston1,birdman5star
mamakingston1,treysongz
justene_j,lenadunham
justene_j,larryfisherman
justene_j,ironeyeretna
justene_j,nicktucker
ciphasounds,djmustard
ciphasounds,nikesb
ciphasounds,deraydavis
ciphasounds,treysongz
derrtymo,skydigg4
derrtymo,invisiblebully_
derrtymo,iamchinarenee
derrtymo,paulwallbaby
derrtymo,robinthicke
derrtymo,steviewilliams
derrtymo,facetstudio
adamgoldston,brodyjenner
adamgoldston,angelbespoke
adamgoldston,andreaschoice
adamgoldston,russwest44
adamgoldston,shawnsuggs
kinggoldchains,liljon
kinggoldchains,jordynwoods
kinggoldchains,ironeyeretna
kinggoldchains,imguddagudda
kinggoldchains,selfmaderyan
kinggoldchains,robdyrdek
kinggoldchains,sbstunts
kinggoldchains,birdman5star
kinggoldchains,djmustard
kinggoldchains,mallymall
wex1200,skyferreira
wex1200,djmobeatz
wex1200,barackobama
wex1200,dennistodisco
haileybaldwin,danababy97
haileybaldwin,hoskelsa
haileybaldwin,anselelgort
haileybaldwin,ashley_moore_
haileybaldwin,gigihadid
haileybaldwin,johnny
haileybaldwin,mertalas
haileybaldwin,the1975
haileybaldwin,broganburnside
haileybaldwin,jordynwoods
haileybaldwin,eonline
haileybaldwin,channingtatum
exclusivegame,birdman5star
exclusivegame,nikkohurtado
exclusivegame,facetstudio
exclusivegame,evelynlozada
exclusivegame,derrtymo
exclusivegame,djdiamondkuts
exclusivegame,richhomiequan
exclusivegame,steviewilliams
exclusivegame,invisiblebully_
exclusivegame,ice_marrow
exclusivegame,kinggoldchains
cedricgervais,reggiebush
tishcyrus,mertalas
tiesto,hoskelsa
futuretheprince,quincy
futuretheprince,jmanziel2
futuretheprince,birdman5star
futuretheprince,treysongz
futuretheprince,easymoneysniper
futuretheprince,queenshmink
skydigg4,djmustard
skydigg4,realsway
skydigg4,russwest44
skydigg4,birdman5star
skydigg4,robinthicke
skydigg4,derrtymo
skydigg4,quincy
skydigg4,easymoneysniper
skydigg4,treysongz
skydigg4,kinggoldchains
skydigg4,barackobama
onepiece,littlemixofficial
onepiece,quincy
russwest44,lindsaylohan
russwest44,richhomiequan
russwest44,barackobama
russwest44,derrtymo
russwest44,jmanziel2
russwest44,nipseyhussle
russwest44,therock
russwest44,lordposts
russwest44,espn
russwest44,birdman5star
russwest44,kinggoldchains
russwest44,reggiebush
russwest44,evelynlozada
russwest44,adamgoldston
russwest44,easymoneysniper
brodyjenner,lukedavisthegrey
brodyjenner,surfer_magazine
brodyjenner,liljon
brodyjenner,adamgoldston
brodyjenner,kidred
brodyjenner,therock
brodyjenner,reggiebush
brodyjenner,therealrickiefowler
brodyjenner,gigihadid
jasonstrauss,ashley_moore_
jasonstrauss,reggiebush
jasonstrauss,djruckusofficial
jasonstrauss,stacykeibler
jasonstrauss,barackobama
jasonstrauss,tiesto
jasonstrauss,djchuckie
jasonstrauss,cedricgervais
iamchinarenee,skydigg4
iamchinarenee,derrtymo
iamchinarenee,kinggoldchains
iamchinarenee,sbstunts
iamchinarenee,treysongz
iamchinarenee,barackobama
frost117,birdman5star
frost117,realsway
frost117,evelynlozada
missynev,deraydavis
missynev,brodyjenner
packers,tennesseetitans
packers,raiders
packers,tbbuccaneers
packers,stlouisrams
packers,chargers
packers,philadelphiaeagles
packers,minnesotavikings
packers,miamidolphins
packers,kcchiefs
packers,houstontexans
packers,denverbroncos
packers,panthers
packers,ravens
packers,azcardinals
jmanziel2,nike
jmanziel2,brodyjenner
jmanziel2,mike_stud
jmanziel2,skydigg4
jmanziel2,glassofwhiskey
jmanziel2,birdman5star
jmanziel2,queenshmink
jmanziel2,russwest44
jmanziel2,futuretheprince
jmanziel2,easymoneysniper
badgleymischka,stacykeibler
cameronkasper,lordposts
cameronkasper,lyciafaith
lyciafaith,cameronkasper
mrspeakthetruth,celtics
_savannahbelle_,realbarbarapalvin
_savannahbelle_,anselelgort
_savannahbelle_,haileybaldwin
_savannahbelle_,gigihadid
_savannahbelle_,beaupeterbrooks
_savannahbelle_,imatthewsherrill
officiallysteveo,romanatwood
officiallysteveo,surfingmagazine
offroadgirls,supremetrucks
offroadgirls,rednecknmemes
monsterenergy,rampage4real
monsterenergy,zeroskateboards
monsterenergy,nikesb
monsterenergy,thehoonigans
monsterenergy,surfingmagazine
monsterenergy,nike
monsterenergy,robdyrdek
monsterenergy,shecks
monsterenergy,mikeposner
monsterenergy,surfer_magazine
monsterenergy,selfmaderyan
monsterenergy,zumiez
monsterenergy,chanelwestcoast
amyhgreen,eonline
kidred,robdyrdek
kidred,jmanziel2
kidred,facetstudio
kidred,djmustard
kidred,mamakingston1
kidred,espn
kidred,barackobama
kidred,fadedlifestyle
kidred,macklemore
kidred,mikeposner
kidred,romantattoos
kidred,richhomiequan
kidred,nike
kidred,realsway
kidred,derrtymo
kidred,larryfisherman
kidred,mallymall
kidred,kinggoldchains
kidred,nikkohurtado
kidred,brodyjenner
kidred,easymoneysniper
kidred,jvalentine1
kidred,evelynlozada
sbstunts,russwest44
sbstunts,lamborghini
sbstunts,nikkohurtado
sbstunts,easymoneysniper
sbstunts,quincy
sbstunts,romantattoos
sbstunts,invisiblebully_
sbstunts,derrtymo
sbstunts,imguddagudda
sbstunts,kinggoldchains
sbstunts,birdman5star
imguddagudda,djmustard
imguddagudda,lilbibby_
imguddagudda,skydigg4
imguddagudda,kidred
imguddagudda,sbstunts
imguddagudda,chanelwestcoast
imguddagudda,paulwallbaby
imguddagudda,kinggoldchains
imguddagudda,birdman5star
djkidfamous,imguddagudda
birdman5star,richhomiequan
birdman5star,imguddagudda
birdman5star,shecks
birdman5star,kinggoldchains
birdman5star,sbstunts
birdman5star,treysongz
birdman5star,evelynlozada
djkidfamous,imguddagudda
djkidfamous,djmustard
hugui81,kidred
hugui81,selfmaderyan
hugui81,realsway
hugui81,jmanziel2
hugui81,birdman5star
hugui81,therock
hugui81,markthemogul
hugui81,easymoneysniper
hugui81,russwest44
hugui81,futuretheprince
hugui81,johnny
hugui81,quincy
hugui81,saul_tat2
chad_kerley,representclo
badrabbits,representclo
profoundco,dennistodisco
maxjr617,easymoneysniper
maxjr617,jeromejarre
imatthewsherrill,jeromejarre
imatthewsherrill,_savannahbelle_
thundercup,mrmauricio
jamesyammouniofficial,beaupeterbrooks
beaupeterbrooks,paigehathaway
beaupeterbrooks,shecks
beaupeterbrooks,charlottegshore
beaupeterbrooks,realbarbarapalvin
beaupeterbrooks,jamesyammouniofficial
mike_stud,jmanziel2
mike_stud,chanelwestcoast
kyra_skelton,chelseahouska
kyra_skelton,channingtatum
kyra_skelton,drew_shipley
nataliehalcro,stacykeibler
nataliehalcro,anacheri
nataliehalcro,ashley_moore_
nataliehalcro,reggiebush
nataliehalcro,realbarbarapalvin
chad_kerley,anacheri
chad_kerley,representclo
chad_kerley,steviewilliams
chad_kerley,nike
chad_kerley,cultcrew
chad_kerley,nikesb
chad_kerley,nigelsylvester
chad_kerley,chazortiz
wethepeoplebmx,volumebikes
cultcrew,monsterenergy
cultcrew,chad_kerley
cultcrew,nigelsylvester
liljon,usweekly
liljon,easymoneysniper
liljon,mcdonalds
liljon,glassofwhiskey
liljon,mariamenounos
liljon,paigehathaway
liljon,realevanross
liljon,therock
liljon,dennistodisco
liljon,evelynlozada
liljon,djmustard
liljon,tiesto
liljon,kinggoldchains
liljon,reggiebush
liljon,officialsarajay
liljon,anthonyanderson
liljon,steviewilliams
liljon,robdyrdek
liljon,katgrahampics
liljon,playboy
liljon,cedricgervais
liljon,djruckusofficial
liljon,shecks
liljon,chanelwestcoast
liljon,brodyjenner
liljon,barackobama
liljon,georgelopez
liljon,mrmauricio
liljon,bigbillyclark
liljon,treysongz
liljon,djchuckie
liljon,ciphasounds
liljon,jasonstrauss
impactwrestling,spiketv
denizduygulu,jaquieohh
denizduygulu,lordposts
denizduygulu,therock
denizduygulu,paigehathaway
denizduygulu,cedricgervais
davidhenrie,spingalnichelle
davidhenrie,nikesb
jerkstiel,nipplejousting
jerkstiel,anselelgort
harrysmileforme,eleanorj92
perksofstfu,in_spiration
perksofstfu,tampoons
spookyposts,anselelgort
swervehazza,haroldluvme
perksofbeingachickenugget,lazyl0l
perksofbeingachickenugget,camera_duels
perksofbeingachickenugget,mcdonalds
gagagallery,danababy97
gagagallery,jamesyammouniofficial
gagagallery,jordynwoods
gagagallery,beaupeterbrooks
gagagallery,lindsaylohan
worldrecordss,factsdaily
tampoons,spookyposts
tampoons,perksofstfu
tampoons,nipplejousting
skyferreira,mertalas
skyferreira,soapmanwun
skyferreira,themuska
skyferreira,djmobeatz
minnesotawild,minnesotavikings
volcomskate,shecks
volcomskate,zeroskateboards
volcomskate,monsterenergy
volcomskate,nikesb
volcomskate,alecmajerus
volcomskate,spitfirewheels
sleepystevens,shecks
nike,uoducks
nike,nikesb
nike,easymoneysniper
nike,nigelsylvester
nike,chad_kerley
eg0re,robdyrdek
eg0re,larryfisherman
ilaughedatthat,anacheri
ilaughedatthat,worldrecordss
ilaughedatthat,insta_quoting
nobodys_photos,jennettemccurdy
nobodys_photos,soapmanwun
nobodys_photos,macklemore
channingtatum,usweekly
channingtatum,stacykeibler
channingtatum,eonline
macklemore,birdman5star
macklemore,lindsaylohan
macklemore,realsway
macklemore,nike
macklemore,richhomiequan
macklemore,nikesb
macklemore,djmustard
macklemore,chanelwestcoast
macklemore,paulwallbaby
macklemore,lenadunham
macklemore,russwest44
macklemore,easymoneysniper
macklemore,themuska
macklemore,liljon
macklemore,mikeposner
macklemore,playboy
macklemore,shecks
macklemore,kinggoldchains
macklemore,larryfisherman
macklemore,steviewilliams
bieberscene,spookyposts
arose1860,lukedavisthegrey
arose1860,playboy
arose1860,lenadunham
arose1860,lindsaylohan
arose1860,haileybaldwin
arose1860,gigihadid
arose1860,larryfisherman
arose1860,selfmaderyan
arose1860,alfredyankovic
arose1860,thecw
arose1860,jessewelle
arose1860,macklemore
arose1860,sophialucia5678
arose1860,joeygraceffa
arose1860,hoskelsa
arose1860,jennettemccurdy
arose1860,lizgillz
arose1860,awesomenesstv
arose1860,drew_shipley
arose1860,bmhylandxoxo
arose1860,andreaschoice
arose1860,alliemarieevans
danababy97,lyciafaith
danababy97,realbarbarapalvin
danababy97,haileybaldwin
danababy97,jordynwoods
danababy97,brodyjenner
danababy97,lizgillz
danababy97,beaupeterbrooks
danababy97,shecks
sydofwgkta,treejtv
sydofwgkta,larryfisherman
sydofwgkta,soapmanwun
lizgillz,gigihadid
lizgillz,jennettemccurdy
lizgillz,lindsaylohan
lizgillz,lenadunham
mr_golden_17,surfingmagazine
zumiez,kr3wdenim
zumiez,thehoonigans
zumiez,disney
zumiez,badrabbits
zumiez,alecmajerus
zumiez,steviewilliams
zumiez,larryfisherman
zumiez,macklemore
zumiez,chazortiz
zumiez,robdyrdek
zumiez,nikesb
zumiez,easymoneysniper
zumiez,bonesbearings
zumiez,themuska
zumiez,shecks
andreaschoice,lindsaylohan
andreaschoice,larryfisherman
andreaschoice,therock
andreaschoice,shaycarl
andreaschoice,adamgoldston
jessewelle,romanatwood
jessewelle,shaycarl
broganburnside,realbarbarapalvin
broganburnside,mamabswag
broganburnside,haileybaldwin
broganburnside,jordynwoods
jordynwoods,jamesyammouniofficial
jordynwoods,ashley_moore_
jordynwoods,donialuvsu
jordynwoods,broganburnside
jordynwoods,haileybaldwin
hi_this_is_aj,fitgirlsworldwide
hi_this_is_aj,therock
hi_this_is_aj,hydracup
theevanitydiary,evelynlozada
theevanitydiary,lindsaylohan
theevanitydiary,nataliehalcro
theevanitydiary,idaaztor
theevanitydiary,andreaschoice
justjared,gigihadid
justjared,robinthicke
justjared,lenadunham
justjared,lindsaylohan
justjared,katgrahampics
justjared,realbarbarapalvin
justjared,haileybaldwin
justjared,davidhenrie
justjared,channingtatum
justjared,therock
justjared,anselelgort
justjared,glassofwhiskey
justjared,stacykeibler
therealfrancia,thenikkibella
therealfrancia,thebriebella
therealfrancia,acaciaswimwear
therealfrancia,quincy
phamflexx,therock
dylanwerneryoga,geraldsaluti
brooklyntank718,nike
carlpaoli,nike
carlpaoli,robdyrdek
michelleshimmy,playboy
geraldsaluti,dylanwerneryoga
prettylittlelyingvampires,thecw
prettylittlelyingvampires,vampirediaries
prettylittlelyingvampires,katgrahampics
alliemarieevans,anselelgort
alliemarieevans,jessewelle
alliemarieevans,davidhenrie
alliemarieevans,joeygraceffa
alliemarieevans,andreaschoice
alliemarieevans,beaupeterbrooks
alliemarieevans,shaycarl
alliemarieevans,tobuscus
alliemarieevans,thecw
alliemarieevans,hoskelsa
alliemarieevans,barackobama
alliemarieevans,gigihadid
alliemarieevans,brodyjenner
alliemarieevans,arose1860
robinthicke,realsway
robinthicke,derrtymo
the_naja,realbarbarapalvin
the_naja,themuska
the_naja,chanelwestcoast
the_naja,birdman5star
the_naja,ironeyeretna
the_naja,stacykeibler
the_naja,tazsangel_ab
the_naja,sbstunts
the_naja,ashley_moore_
the_naja,nike
saidthewhale,lenadunham
targetstyle,awesomenesstv
stacykeibler,jasonstrauss
stacykeibler,barackobama
mariamenounos,stacykeibler
glassofwhiskey,alfredyankovic
glassofwhiskey,mcgregor_ewan
glassofwhiskey,barackobama
glassofwhiskey,lenadunham
glassofwhiskey,sunnymabrey
vampirediaries,jerkstiel
vampirediaries,thecw
vampirediaries,katgrahampics
vampirediaries,prettylittlelyingvampires
thecw,katgrahampics
katgrahampics,justjared
trendablapp,acaciaswimwear
bsmhaitianfreshceo,kinggoldchains
bsmhaitianfreshceo,robdyrdek
bsmhaitianfreshceo,birdman5star
bsmhaitianfreshceo,dwarfguru
justinbieberfans,quincy
justinbieberfans,mallymall
donialuvsu,jordynwoods
facetstudio,_kionagarcia
facetstudio,catdagreat
facetstudio,jaquieohh
facetstudio,cindyprado
facetstudio,anacheri
facetstudio,djchuckie
facetstudio,cmacdaddyy
facetstudio,tatyanaali
facetstudio,quincy
facetstudio,habeshaqueens
facetstudio,liljon
facetstudio,skydigg4
facetstudio,nataliehalcro
facetstudio,bria_murphy
facetstudio,djdiamondkuts
facetstudio,mallymall
thebesttscenes,ifunnymeme
thebesttscenes,factsdaily
thebesttscenes,worldrecordss
thebesttscenes,comedyscenesx
thebesttscenes,comicposts
gabrielleaplin,chlooooejade
